{"cameraMode":{"drawMode":0,"name":"Shaded","section":"Shading Mode"},"sceneLighting":true,"audioPlay":false,"sceneViewState":{"m_AlwaysRefresh":false,"showFog":true,"showSkybox":true,"showFlares":true,"showImageEffects":true,"showParticleSystems":true,"showVisualEffectGraphs":true,"m_FxEnabled":true},"in2DMode":false,"pivot":{"x":-0.012130136601626873,"y":0.09485503286123276,"z":-8.484452247619629},"rotation":{"x":0.00014343591465149075,"y":0.9967005252838135,"z":-0.0018040052382275463,"w":0.08121160417795181},"size":12.147353172302246,"orthographic":false}